unit_ps,hops,samples,errors,measured_rate,predicted_rate
35,1,362605,0,0.000e+00,1.794e-28
35,2,645682,0,0.000e+00,5.027e-15
35,3,870738,0,0.000e+00,1.658e-10
35,4,1064133,0,0.000e+00,3.130e-08
35,5,1222849,4,3.271e-06,7.431e-07
35,6,1351764,12,8.877e-06,6.228e-06
35,7,1463737,59,4.031e-05,2.873e-05
35,8,1533556,191,1.245e-04,9.111e-05
35,9,1565392,382,2.440e-04,2.249e-04
35,10,1577770,818,5.185e-04,4.653e-04
35,11,1564348,1420,9.077e-04,8.465e-04
35,12,1530455,2260,1.477e-03,1.398e-03
35,13,1511105,3447,2.281e-03,2.143e-03
35,14,1472664,4909,3.333e-03,3.096e-03
35,15,1384535,6416,4.634e-03,4.267e-03
35,16,1272043,7700,6.053e-03,5.658e-03
35,17,1117893,8798,7.870e-03,7.267e-03
35,18,956423,9388,9.816e-03,9.087e-03
35,19,794527,9527,1.199e-02,1.111e-02
35,20,627896,9228,1.470e-02,1.333e-02
35,21,483818,8337,1.723e-02,1.573e-02
35,22,354179,6966,1.967e-02,1.829e-02
35,23,254627,5774,2.268e-02,2.101e-02
35,24,182707,4638,2.538e-02,2.387e-02
35,25,124627,3600,2.889e-02,2.686e-02
35,26,87998,2872,3.264e-02,2.996e-02
35,27,56062,1996,3.560e-02,3.317e-02
35,28,31964,1217,3.807e-02,3.647e-02
35,29,19350,792,4.093e-02,3.985e-02
35,30,9208,362,3.931e-02,4.331e-02
35,31,3787,185,4.885e-02,4.683e-02
35,32,1558,92,5.905e-02,5.040e-02
50,1,362605,0,0.000e+00,2.597e-56
50,2,645682,0,0.000e+00,5.089e-29
50,3,870738,0,0.000e+00,6.932e-20
50,4,1064133,0,0.000e+00,2.664e-15
50,5,1222849,0,0.000e+00,1.537e-12
50,6,1351764,0,0.000e+00,1.082e-10
50,7,1463737,0,0.000e+00,2.285e-09
50,8,1533556,0,0.000e+00,2.268e-08
50,9,1565392,0,0.000e+00,1.361e-07
50,10,1577770,2,1.268e-06,5.733e-07
50,11,1564348,8,5.114e-06,1.867e-06
50,12,1530455,11,7.187e-06,5.010e-06
50,13,1511105,23,1.522e-05,1.158e-05
50,14,1472664,50,3.395e-05,2.381e-05
50,15,1384535,86,6.211e-05,4.456e-05
50,16,1272043,120,9.434e-05,7.723e-05
50,17,1117893,163,1.458e-04,1.257e-04
50,18,956423,228,2.384e-04,1.939e-04
50,19,794527,247,3.109e-04,2.863e-04
50,20,627896,301,4.794e-04,4.070e-04
50,21,483818,316,6.531e-04,5.599e-04
50,22,354179,289,8.160e-04,7.490e-04
50,23,254627,277,1.088e-03,9.776e-04
50,24,182707,240,1.314e-03,1.249e-03
50,25,124627,204,1.637e-03,1.565e-03
50,26,87998,203,2.307e-03,1.930e-03
50,27,56062,150,2.676e-03,2.343e-03
50,28,31964,83,2.597e-03,2.807e-03
50,29,19350,80,4.134e-03,3.324e-03
50,30,9208,32,3.475e-03,3.892e-03
50,31,3787,15,3.961e-03,4.514e-03
50,32,1558,8,5.135e-03,5.189e-03
75,1,362605,0,0.000e+00,2.403e-124
75,2,645682,0,0.000e+00,4.011e-63
75,3,870738,0,0.000e+00,1.117e-42
75,4,1064133,0,0.000e+00,1.943e-32
75,5,1222849,0,0.000e+00,2.777e-26
75,6,1351764,0,0.000e+00,3.580e-22
75,7,1463737,0,0.000e+00,3.125e-19
75,8,1533556,0,0.000e+00,5.062e-17
75,9,1565392,0,0.000e+00,2.664e-15
75,10,1577770,0,0.000e+00,6.382e-14
75,11,1564348,0,0.000e+00,8.617e-13
75,12,1530455,0,0.000e+00,7.566e-12
75,13,1511105,0,0.000e+00,4.770e-11
75,14,1472664,0,0.000e+00,2.318e-10
75,15,1384535,0,0.000e+00,9.141e-10
75,16,1272043,0,0.000e+00,3.043e-09
75,17,1117893,0,0.000e+00,8.807e-09
75,18,956423,0,0.000e+00,2.268e-08
75,19,794527,0,0.000e+00,5.296e-08
75,20,627896,0,0.000e+00,1.137e-07
75,21,483818,2,4.134e-06,2.273e-07
75,22,354179,0,0.000e+00,4.270e-07
75,23,254627,0,0.000e+00,7.601e-07
75,24,182707,1,5.473e-06,1.290e-06
75,25,124627,0,0.000e+00,2.101e-06
75,26,87998,0,0.000e+00,3.298e-06
75,27,56062,0,0.000e+00,5.010e-06
75,28,31964,0,0.000e+00,7.391e-06
75,29,19350,0,0.000e+00,1.062e-05
75,30,9208,0,0.000e+00,1.490e-05
75,31,3787,0,0.000e+00,2.047e-05
75,32,1558,0,0.000e+00,2.757e-05
100,1,362605,0,0.000e+00,1.796e-219
100,2,645682,0,0.000e+00,9.505e-111
100,3,870738,0,0.000e+00,1.806e-74
100,4,1064133,0,0.000e+00,2.597e-56
100,5,1222849,0,0.000e+00,2.088e-45
100,6,1351764,0,0.000e+00,3.956e-38
100,7,1463737,0,0.000e+00,6.316e-33
100,8,1533556,0,0.000e+00,5.089e-29
100,9,1565392,0,0.000e+00,5.595e-26
100,10,1577770,0,0.000e+00,1.524e-23
100,11,1564348,0,0.000e+00,1.504e-21
100,12,1530455,0,0.000e+00,6.932e-20
100,13,1511105,0,0.000e+00,1.777e-18
100,14,1472664,0,0.000e+00,2.875e-17
100,15,1384535,0,0.000e+00,3.215e-16
100,16,1272043,0,0.000e+00,2.664e-15
100,17,1117893,0,0.000e+00,1.725e-14
100,18,956423,0,0.000e+00,9.085e-14
100,19,794527,0,0.000e+00,4.024e-13
100,20,627896,0,0.000e+00,1.537e-12
100,21,483818,0,0.000e+00,5.176e-12
100,22,354179,0,0.000e+00,1.562e-11
100,23,254627,0,0.000e+00,4.287e-11
100,24,182707,0,0.000e+00,1.082e-10
100,25,124627,0,0.000e+00,2.540e-10
100,26,87998,0,0.000e+00,5.584e-10
100,27,56062,0,0.000e+00,1.159e-09
100,28,31964,0,0.000e+00,2.285e-09
100,29,19350,0,0.000e+00,4.300e-09
100,30,9208,0,0.000e+00,7.764e-09
100,31,3787,0,0.000e+00,1.350e-08
100,32,1558,0,0.000e+00,2.268e-08
